Bag,Target Presence,Screener 1,Screener 2,Screener 3,Screener 4,Screener 5,Screener 6,Screener 7,Screener 8,Screener 9,Screener 10,Screener 11,Screener 12,Screener 13,Screener 14,Screener 15,Screener 16,Screener 17,Screener 18,Screener 19,Screener 20,Screener 21,Screener 22,Screener 23,Screener 24,Screener 25,Screener 26,Screener 27,Screener 28,Screener 29,Screener 30,Screener 31,Screener 32,Screener 33,Screener 34,Screener 35,Screener 36,Screener 37,Screener 38,Screener 39,Screener 40,Screener 41,Screener 42,Screener 43,Screener 44,Screener 45,Screener 46,Screener 47,Screener 48,Screener 49,Screener 50,Screener 51,Screener 52,Screener 53,Screener 54,Screener 55,Screener 56,Screener 57,Screener 58,Screener 59,Screener 60,Screener 61,Screener 62,Screener 63,Screener 64,Screener 65,Screener 66,Screener 67,Screener 68,Screener 69,Screener 70,Screener 71,Screener 72,Screener 73,Screener 74,Screener 75,Screener 76,Screener 77,Screener 78,Screener 79,Screener 80,Screener 81,Screener 82,Screener 83,Screener 84,Screener 85,Screener 86,Screener 87,Screener 88,Screener 89,Screener 90,Screener 91,Screener 92,Screener 93,Screener 94,Screener 95,Screener 96,Screener 97,Screener 98,Screener 99,Screener 100,Screener 101,Screener 102,Screener 103,Screener 104,Screener 105,Screener 106,Screener 107,Screener 108,Screener 109,Screener 110,Screener 111,Screener 112,Screener 113,Screener 114,Screener 115,Screener 116,Screener 117,Screener 118,Screener 119,Screener 120,Screener 121,Screener 122,Screener 123,Screener 124,Screener 125,Screener 126,Screener 127,Screener 128,Screener 129,Screener 130,Screener 131,Screener 132,Screener 133,Screener 134,Screener 135,Screener 136,Screener 137,Screener 138,Screener 139,Screener 140,Screener 141,Screener 142,Screener 143,Screener 144,Screener 145,Screener 146,Screener 147,Screener 148,Screener 149,Screener 150,Screener 151,Screener 152,Screener 153,Screener 154,Screener 155,Screener 156,Screener 157,Screener 158,Screener 159,Screener 160,Screener 161,Screener 162,Screener 163,Screener 164,Screener 165,Screener 166,Screener 167,Screener 168,Screener 169,Screener 170,Screener 171,Screener 172,Screener 173,Screener 174,Screener 175,Screener 176,Screener 177,Screener 178,Screener 179,Screener 180,Screener 181,Screener 182,Screener 183,Screener 184,Screener 185,Screener 186,Screener 187,Screener 188,Screener 189,Screener 190,Screener 191,Screener 192,Screener 193,Screener 194,Screener 195,Screener 196,Screener 197,Screener 198,Screener 199,Screener 200
0,1,1,1,1,0,0,1,1,0,0,0,1,0,0,1,1,0,0,1,1,1,0,1,0,0,0,1,0,1,1,1,1,0,0,1,0,0,1,0,0,0,1,0,0,0,0,1,1,1,0,0,0,0,0,0,0,0,0,1,1,0,1,0,0,1,1,1,0,0,1,0,0,0,0,1,1,1,0,1,0,1,1,1,0,0,1,1,1,1,0,0,0,1,0,0,0,0,1,0,0,1,1,1,0,0,1,1,1,0,0,1,1,1,1,1,0,0,0,0,0,1,1,0,0,1,0,1,0,1,0,1,0,1,1,1,1,0,0,0,0,0,0,1,1,0,0,0,0,0,1,0,1,1,1,0,0,0,0,0,0,1,0,0,0,0,1,0,1,1,1,1,1,1,1,1,0,1,1,1,1,1,1,0,1,0,1,1,1,1,0,1,0,0,0,0,1,0,1,1,1,1
1,1,0,1,1,1,0,1,1,0,0,1,0,1,0,1,1,1,0,1,1,1,1,1,1,0,1,0,1,1,0,0,1,0,0,0,0,1,0,0,0,1,1,0,1,1,0,1,1,0,0,1,0,1,0,0,1,1,0,1,0,1,0,0,0,0,1,0,1,0,1,0,0,0,0,1,1,1,1,0,1,0,0,1,1,0,1,0,1,1,1,0,0,1,0,0,1,1,1,0,0,1,1,0,1,1,0,1,0,1,0,1,1,1,0,1,1,0,0,0,0,1,0,0,1,0,0,1,1,1,0,1,0,0,1,1,0,0,0,1,0,0,0,1,0,1,1,0,0,1,1,0,0,1,0,0,1,0,0,0,0,1,1,0,0,1,0,1,1,1,0,0,0,1,0,0,0,0,0,1,0,1,1,1,1,1,1,0,0,1,1,1,1,0,0,0,0,1,1,1,0,1
2,0,0,0,0,1,1,0,1,1,1,0,1,1,0,0,0,0,1,0,1,0,1,1,1,1,0,0,0,0,0,1,1,0,0,0,0,1,1,0,1,0,1,1,0,1,1,1,1,0,0,1,0,1,0,1,1,1,0,0,1,1,0,0,0,1,0,0,0,0,0,0,1,0,1,0,1,1,0,0,1,1,1,1,0,0,1,0,1,1,1,1,0,0,1,1,0,0,1,0,0,0,1,0,0,1,0,0,0,0,0,0,0,0,1,0,1,0,0,0,1,0,0,1,0,0,0,0,0,1,1,0,0,0,0,0,0,1,1,1,1,0,0,0,1,0,1,0,0,1,0,1,0,0,0,1,1,0,1,1,0,0,1,0,1,0,1,1,0,1,1,1,1,0,0,1,1,0,1,1,0,1,1,0,0,1,1,1,1,0,0,0,0,0,1,1,0,1,1,1,0,1
3,1,0,1,0,1,0,1,1,1,1,1,0,0,0,0,1,1,1,1,0,1,0,0,0,0,1,0,1,1,1,1,0,0,1,0,1,0,0,1,0,0,0,0,0,0,0,0,0,1,0,1,1,0,0,0,1,1,1,0,1,0,0,0,1,1,0,1,0,1,1,1,1,0,0,0,0,0,1,0,0,0,1,1,0,1,1,1,0,1,1,0,1,0,0,0,0,0,0,1,0,0,1,1,0,0,0,0,0,1,0,0,1,0,1,0,1,0,1,1,1,1,0,0,0,0,0,1,0,0,0,0,1,0,0,0,1,0,1,0,0,1,0,1,0,1,1,1,1,1,0,1,1,0,0,0,0,1,1,1,1,0,0,1,1,1,0,0,0,0,1,0,0,1,1,0,1,0,1,1,0,0,1,1,1,1,0,1,0,1,1,0,1,1,0,1,1,0,0,0,0,1
4,1,0,0,0,1,0,1,0,1,1,1,0,1,1,0,0,1,1,0,1,0,0,0,0,0,1,0,0,1,1,0,0,1,0,0,1,0,1,1,1,1,1,0,1,0,0,1,1,1,1,1,1,1,1,1,0,0,0,1,1,0,1,0,0,0,0,0,0,1,0,0,1,0,0,0,0,1,0,1,1,0,1,1,1,1,0,0,0,1,0,0,1,1,1,0,1,1,0,0,0,0,1,0,0,0,1,0,0,1,0,1,1,1,1,0,1,0,0,0,0,0,0,1,0,1,1,0,1,0,1,1,1,1,0,1,1,0,0,0,1,0,1,1,0,0,0,1,0,1,0,0,0,1,0,1,1,0,0,1,1,0,1,1,1,1,1,1,0,0,1,1,0,0,1,0,1,0,1,1,1,0,0,0,1,1,0,0,0,1,0,0,1,0,1,1,0,0,0,0,0,0
5,1,1,1,1,0,1,0,0,0,0,1,0,1,1,0,0,1,1,0,1,0,1,0,1,0,0,1,0,0,0,1,1,1,0,0,1,0,0,1,1,1,0,1,1,0,1,0,0,1,0,1,1,0,1,1,0,1,0,0,0,1,0,0,1,1,1,0,1,1,1,0,0,1,1,0,0,0,1,0,0,1,0,1,1,0,1,1,1,0,0,0,1,1,0,1,1,0,1,1,0,1,0,1,0,0,0,0,1,0,0,0,0,1,0,0,1,1,0,0,0,0,1,1,0,1,0,0,0,1,1,1,0,1,0,0,0,0,0,0,0,0,0,1,1,0,1,0,1,0,0,1,1,1,0,0,1,0,0,1,0,0,1,1,1,0,0,0,1,0,1,1,0,1,1,0,1,1,0,0,0,0,0,1,1,1,0,1,0,0,1,0,0,0,1,0,0,0,0,0,0,1
6,0,0,1,1,1,0,0,1,0,1,1,0,0,0,1,0,0,0,0,0,1,1,1,0,0,1,0,0,1,0,0,0,1,0,0,1,0,0,1,1,0,0,1,0,0,0,0,0,0,0,0,1,0,1,0,0,1,0,1,0,1,0,0,0,1,0,1,1,1,0,1,0,1,1,1,1,1,1,1,0,0,0,0,1,0,0,1,1,0,1,0,0,1,1,0,1,0,0,1,0,0,1,0,0,0,1,0,0,1,1,1,0,0,0,0,0,0,1,1,1,0,0,1,1,1,0,1,0,1,0,0,0,0,0,0,1,0,0,1,0,1,0,1,0,1,0,1,1,0,1,0,0,0,0,0,0,0,0,0,1,0,1,1,0,1,0,1,0,1,0,0,1,0,1,1,1,1,0,0,0,0,1,1,1,1,0,0,1,0,0,1,0,0,0,1,1,1,1,1,0,1
7,0,1,0,1,0,1,0,1,1,1,1,0,0,1,0,0,1,1,0,0,0,0,1,1,0,1,1,1,0,0,0,0,1,0,0,0,0,1,0,1,1,0,0,0,1,1,0,0,1,0,1,0,0,0,1,0,1,1,0,1,1,1,0,0,0,0,0,1,0,0,1,0,0,0,0,0,0,1,1,1,0,1,1,1,0,0,1,1,1,0,0,1,0,1,1,1,0,1,1,1,0,1,1,1,0,1,0,0,1,1,0,0,0,1,1,1,1,1,0,1,0,1,0,1,0,1,0,0,0,1,1,1,1,1,1,1,1,0,1,1,1,1,0,1,0,0,0,1,1,1,1,0,1,0,0,0,0,1,0,1,0,0,1,0,1,1,1,0,0,1,0,0,1,0,1,1,1,0,1,0,0,0,0,0,1,1,0,1,0,1,0,0,1,0,0,1,1,1,0,0,1
8,0,1,0,0,1,0,0,0,0,0,0,0,1,1,1,1,1,0,0,1,0,0,0,1,1,1,1,0,1,0,0,1,1,1,1,0,1,0,1,0,1,1,1,0,0,1,0,1,1,0,0,1,0,0,1,1,0,0,0,1,1,0,1,1,0,1,0,1,1,0,1,0,0,0,1,1,0,1,1,1,1,0,1,1,1,0,0,1,1,1,1,0,1,1,1,0,0,1,0,1,1,0,0,0,1,0,0,1,0,0,1,1,1,1,0,1,1,1,0,0,0,1,1,0,1,1,0,1,0,0,0,0,1,1,1,0,0,0,1,1,0,1,1,1,1,0,0,0,1,1,1,1,1,1,1,0,0,1,1,1,0,1,1,1,1,0,1,0,0,1,1,0,0,1,0,0,0,1,0,0,1,0,1,0,1,1,0,1,1,1,0,1,0,0,1,1,0,1,1,1,0
9,0,1,0,1,1,0,1,1,1,1,1,0,0,0,0,0,1,1,0,0,0,0,0,0,1,1,1,0,0,0,1,1,0,0,0,0,1,1,0,1,0,0,0,0,1,0,0,1,1,0,0,0,1,0,1,0,1,0,0,1,0,1,1,0,1,0,1,1,0,1,1,1,0,0,0,0,0,0,1,0,1,0,0,1,0,0,1,1,0,1,0,1,1,1,1,1,0,0,0,1,0,1,1,1,0,0,1,0,1,1,1,0,1,0,0,1,0,1,0,1,1,0,1,0,1,0,1,0,1,1,1,0,1,1,0,1,1,1,1,1,1,1,1,1,1,1,1,1,1,0,1,1,1,1,0,0,0,0,0,1,0,1,1,1,0,1,1,1,1,0,1,0,1,1,1,0,0,1,1,0,1,1,1,0,1,1,0,0,1,0,0,0,1,1,1,0,1,1,0,1,1
10,0,0,1,1,1,1,1,0,1,0,1,0,1,1,1,0,1,1,1,1,0,0,0,0,1,0,0,0,0,0,1,1,1,0,1,1,0,1,1,1,1,0,0,1,0,0,1,0,0,0,0,1,0,0,1,1,1,0,1,1,0,1,1,0,0,0,1,1,0,0,0,1,0,0,1,0,1,0,1,0,1,1,1,0,0,0,0,1,0,0,1,1,1,1,0,1,1,1,1,1,0,1,0,1,0,1,1,1,1,1,0,1,0,1,0,1,1,1,0,0,1,0,1,0,0,0,0,0,0,1,1,0,1,1,1,1,0,1,1,1,1,1,1,1,1,1,0,0,1,0,1,1,1,0,1,0,0,0,1,1,1,0,1,1,1,1,1,1,1,0,1,0,0,1,1,0,0,1,1,0,0,1,0,0,1,1,0,1,0,0,0,1,0,1,0,1,1,0,0,0,0
11,0,1,1,1,1,1,0,1,0,1,0,1,0,1,1,1,0,1,1,1,0,1,1,1,0,1,0,1,1,1,1,0,0,1,1,0,0,0,0,1,0,1,0,0,0,0,0,0,1,1,1,1,1,1,0,0,0,1,1,0,0,0,0,0,1,1,1,0,1,0,0,1,0,0,1,1,0,1,0,1,0,0,0,1,0,1,0,0,0,0,1,0,0,1,1,1,1,0,1,0,1,0,0,0,0,1,1,0,1,1,1,0,1,1,1,1,0,0,0,0,0,0,0,0,0,1,1,0,0,1,1,1,0,0,0,1,0,1,1,1,0,1,1,0,0,1,1,1,1,1,1,1,0,1,1,0,0,0,0,1,1,1,0,1,0,0,1,0,1,1,0,0,0,1,0,1,1,1,0,0,1,1,0,0,1,1,1,1,1,0,0,1,1,0,0,0,1,0,1,0,0
12,0,1,1,0,0,1,1,0,0,0,1,1,1,1,1,0,1,0,0,0,0,0,0,1,1,1,1,1,0,0,0,1,1,1,0,1,1,0,1,1,1,1,0,1,1,1,1,0,1,1,1,1,0,0,1,0,0,0,0,1,0,1,1,1,1,0,1,1,0,0,1,1,1,1,1,0,0,0,0,1,0,0,1,1,0,0,1,0,1,0,1,1,0,0,1,1,0,0,0,0,1,1,1,1,1,0,1,1,1,0,0,0,0,1,1,1,1,1,0,0,0,0,1,0,0,1,1,0,0,1,1,0,1,1,0,0,1,0,1,1,0,1,1,1,0,1,0,0,0,1,0,1,1,1,1,0,0,1,0,0,0,0,0,0,1,0,1,1,0,0,0,1,0,1,0,0,0,0,1,1,0,0,0,0,1,1,0,0,1,1,0,0,0,0,1,0,1,1,1,1,1
13,0,0,1,1,0,0,0,1,1,0,0,0,0,1,1,0,0,0,0,1,0,1,0,0,1,1,1,0,0,1,0,0,0,1,0,0,1,1,1,1,0,0,1,0,1,0,1,1,0,0,1,0,1,1,0,0,0,0,1,0,1,0,0,0,0,0,0,0,0,1,1,1,1,0,1,1,1,1,1,0,1,1,1,0,0,1,1,1,0,1,1,1,0,0,1,1,0,0,1,1,1,1,0,1,1,1,1,0,1,0,0,1,0,1,0,0,1,0,1,0,1,1,0,0,1,1,0,0,1,1,0,0,0,1,0,0,0,0,1,0,1,1,0,1,1,1,0,0,1,1,1,0,1,1,0,1,0,1,1,1,1,1,0,0,0,0,0,1,1,0,0,0,0,1,0,1,0,0,0,1,1,1,0,0,1,1,0,1,0,0,0,1,1,1,1,1,0,1,1,1,1
14,0,0,0,0,0,1,1,0,1,0,1,1,0,1,1,0,0,1,0,0,1,0,0,0,0,1,0,0,0,0,0,1,1,1,1,1,0,1,1,0,1,1,1,0,1,0,0,1,1,0,0,1,1,0,1,0,0,1,0,0,1,1,1,1,1,0,1,1,0,0,0,0,0,0,1,0,0,0,0,1,0,0,1,1,1,1,1,1,0,1,1,1,1,1,1,1,0,1,1,1,0,1,1,1,0,0,0,0,1,0,1,0,1,0,0,1,1,0,1,0,0,1,0,0,1,1,1,1,0,0,0,0,1,0,0,0,0,0,1,1,0,1,1,1,1,1,1,0,1,0,0,1,0,0,1,1,1,1,0,0,0,0,1,0,1,0,0,1,1,1,1,0,0,1,1,1,0,0,0,0,1,1,1,1,0,0,1,0,0,1,0,1,0,0,1,1,0,1,1,1,1
15,1,0,0,0,1,1,1,1,1,1,0,1,0,0,0,0,1,0,1,1,1,1,0,0,0,1,0,0,0,1,1,1,1,1,0,0,1,1,0,0,0,1,1,0,1,0,0,1,0,1,1,0,0,1,1,0,1,0,1,0,0,1,0,1,1,1,1,1,0,1,0,1,1,1,1,1,0,0,0,0,0,1,1,1,0,1,1,1,1,0,0,0,1,1,1,1,0,1,0,0,1,0,1,0,1,1,1,1,1,0,1,0,0,1,1,1,1,1,0,1,1,0,0,0,1,1,0,0,1,1,1,0,1,1,1,0,0,0,0,0,0,0,0,0,0,0,0,0,0,0,1,0,0,0,1,0,0,1,0,1,1,0,1,1,1,0,1,1,0,1,0,1,0,0,1,0,0,1,1,1,1,1,0,1,0,1,1,0,1,1,1,1,1,1,1,1,0,1,1,0,0
16,1,1,1,0,1,1,1,1,1,1,0,1,1,0,1,1,1,0,1,1,0,1,1,1,1,1,1,1,0,1,1,1,1,0,1,0,1,0,0,1,1,1,1,0,1,1,1,0,1,1,1,0,1,1,1,1,1,1,1,0,1,0,0,1,1,0,1,0,1,1,0,0,0,1,1,1,1,0,0,0,1,1,0,1,0,0,0,0,0,0,0,1,1,0,0,1,0,1,0,1,0,1,0,1,0,1,1,0,0,0,1,0,1,1,1,0,1,0,1,0,0,0,1,1,0,0,1,0,0,1,1,0,1,0,0,0,1,0,0,0,1,0,0,1,1,0,1,0,1,0,0,0,1,1,1,1,0,0,0,1,0,1,0,1,0,1,0,1,0,0,0,0,0,0,0,1,0,0,0,0,1,0,0,1,1,1,0,0,1,1,1,1,0,0,0,0,0,0,1,1,1
17,1,0,0,0,1,0,1,1,1,0,1,0,1,0,0,0,1,0,0,1,1,0,1,1,1,0,0,0,1,0,1,0,0,1,0,1,1,0,0,0,1,1,1,1,1,1,1,1,0,0,1,0,1,1,0,0,1,1,1,1,0,0,0,0,1,0,0,1,1,0,1,0,0,0,0,1,0,1,0,0,1,1,0,0,1,1,1,0,0,1,1,0,1,0,1,0,0,0,1,0,1,0,1,1,0,1,0,1,0,1,1,0,1,1,0,0,1,0,0,0,0,0,0,0,1,1,0,1,0,0,1,1,1,1,0,0,1,1,0,1,1,1,1,1,1,1,1,1,1,1,1,1,0,1,1,1,1,0,1,1,1,0,0,1,0,0,1,1,1,1,1,0,0,0,1,1,0,0,0,1,0,0,1,1,1,0,1,0,1,0,0,0,1,1,1,1,1,1,0,1,1
18,1,0,0,1,0,0,1,1,1,0,0,0,0,1,0,1,0,1,1,0,0,1,0,1,0,0,0,0,0,1,1,0,0,0,0,1,1,1,1,1,0,0,1,0,0,0,0,0,0,0,0,0,0,1,1,1,0,0,0,1,1,0,1,1,1,0,0,1,1,0,0,1,1,0,1,1,1,0,1,1,1,1,0,0,0,1,1,1,0,0,1,0,0,0,0,0,1,0,0,1,0,0,0,1,0,0,0,1,0,1,0,1,0,1,0,0,1,0,1,0,0,0,0,0,1,0,1,0,0,0,1,1,1,0,1,1,1,0,1,0,1,0,0,0,1,1,0,1,0,1,0,1,1,0,1,1,0,0,1,0,0,0,1,0,1,0,0,0,0,0,0,0,1,0,0,0,0,1,1,1,0,0,1,0,0,1,1,0,1,0,0,1,0,1,0,0,1,0,1,0,0
19,1,1,0,1,1,0,0,1,1,1,0,1,1,0,0,0,0,1,1,1,0,1,1,1,0,0,1,0,0,1,0,1,0,1,0,1,1,1,1,1,0,0,0,1,1,0,1,0,1,1,1,1,1,0,0,1,1,0,0,0,0,0,0,1,1,1,1,1,0,0,1,0,1,1,0,1,0,1,0,1,0,1,1,0,0,1,1,0,0,0,0,0,0,0,1,0,1,0,0,1,0,0,1,1,0,0,0,1,1,1,1,1,0,1,1,1,1,1,1,0,0,1,0,1,1,0,1,1,1,1,0,0,0,1,1,1,0,1,1,0,0,1,1,1,1,1,1,0,1,0,1,0,0,0,1,0,1,0,0,0,0,1,0,1,1,1,1,1,0,1,1,1,1,0,1,1,1,1,1,1,1,1,0,0,0,0,1,1,0,0,1,1,0,0,0,0,1,1,1,1,1
20,0,0,1,1,0,0,0,1,0,1,1,0,0,1,1,0,0,1,1,1,0,0,1,0,0,1,1,0,0,1,1,1,1,0,1,1,1,0,0,0,0,0,1,1,1,1,1,1,1,1,1,0,1,1,0,0,0,1,1,0,0,1,1,1,0,1,1,0,0,0,0,1,0,0,1,0,1,1,0,0,1,0,0,1,1,1,0,1,1,1,0,0,0,0,1,0,0,1,1,0,0,0,0,1,1,0,1,1,0,0,0,1,1,0,1,1,0,1,0,1,0,1,1,0,0,1,1,0,1,1,0,1,1,0,0,0,1,1,1,1,0,1,0,1,0,0,1,1,1,0,1,1,0,1,1,1,1,0,0,1,0,1,0,0,0,1,0,1,1,1,1,1,0,1,1,1,0,1,0,1,1,1,1,1,1,0,1,1,0,0,1,0,0,1,0,1,0,1,1,1,1
21,0,0,1,0,1,1,1,1,0,1,1,0,0,1,1,0,1,1,0,0,1,1,0,0,0,1,1,1,0,0,1,1,0,0,0,1,0,1,0,0,0,1,0,1,1,1,1,1,0,0,1,1,0,0,0,1,0,1,0,1,0,0,0,0,1,1,1,0,1,1,0,1,0,0,0,0,0,1,0,0,1,1,0,1,1,0,0,0,0,1,1,1,0,0,0,1,1,0,0,1,1,0,0,0,1,1,1,1,1,0,0,0,1,1,0,1,0,1,1,1,0,0,0,0,1,0,1,1,0,1,1,1,1,1,0,0,1,0,0,0,1,0,0,0,1,0,1,0,0,0,1,1,0,0,0,1,0,1,1,0,0,1,1,0,1,1,0,0,1,0,1,1,1,0,0,1,1,0,1,0,0,1,1,0,1,1,0,1,0,1,0,1,0,0,1,1,0,1,0,0,0
22,0,1,1,1,0,1,1,1,1,1,0,0,1,0,0,0,1,0,1,1,0,1,0,0,1,0,1,0,1,1,1,1,0,0,0,0,1,0,0,1,0,0,0,0,0,1,1,1,1,1,0,0,1,1,0,0,0,0,0,0,1,1,1,1,1,0,0,0,1,0,1,0,1,1,0,0,1,1,1,0,1,1,1,1,0,0,1,0,0,1,0,1,0,1,0,0,0,1,1,1,1,1,0,0,1,1,1,1,1,1,1,0,0,1,1,1,1,0,0,0,0,1,1,0,1,1,1,1,0,0,1,0,0,1,0,1,0,0,0,0,1,1,1,0,0,1,1,0,0,1,0,0,0,0,0,1,0,0,1,0,1,1,0,1,0,0,1,0,0,0,0,1,0,0,1,0,0,0,1,1,1,0,0,1,0,1,0,0,0,1,1,0,0,0,1,0,1,1,0,0,0
23,0,1,0,1,0,0,0,1,1,1,1,1,1,1,1,0,1,0,1,1,0,0,0,0,1,0,1,0,1,0,0,1,1,1,1,1,1,0,0,0,1,1,1,1,1,0,1,1,0,1,1,1,1,0,1,1,0,0,1,1,1,1,0,0,1,1,1,1,0,0,0,0,1,1,0,1,1,0,0,0,1,1,1,1,0,1,0,1,0,1,1,1,0,1,1,1,0,1,0,1,1,1,1,1,1,1,0,0,1,1,1,1,0,1,1,0,0,1,0,1,0,0,1,0,1,1,0,1,1,1,1,1,0,1,0,1,0,0,1,1,0,0,0,1,1,1,0,1,0,1,1,1,1,0,0,0,1,0,0,0,0,0,0,1,1,1,0,1,0,0,0,0,1,1,1,0,1,0,1,1,1,0,0,0,1,1,0,0,1,1,1,1,0,0,0,0,1,0,1,1,1
24,1,1,0,1,1,0,0,0,1,0,1,1,1,1,0,1,0,0,1,0,0,1,0,0,1,0,0,1,1,0,1,1,1,1,1,1,0,1,0,0,0,1,1,1,0,1,0,1,1,0,1,0,0,1,0,1,0,0,0,0,1,0,0,1,1,0,0,0,1,0,0,1,0,1,1,1,1,0,1,0,0,0,0,1,1,1,0,0,0,1,0,0,0,1,0,1,0,1,1,1,0,1,1,1,0,0,0,0,0,1,0,1,0,1,0,0,0,0,1,0,1,0,0,0,1,0,1,0,1,1,1,0,0,1,0,1,1,1,0,0,0,1,1,0,0,0,1,0,1,1,1,1,1,1,0,0,0,1,1,1,0,0,0,0,1,1,0,1,1,1,1,0,0,0,0,0,1,1,0,0,0,1,0,1,1,1,1,1,0,0,1,0,0,1,1,0,0,1,1,0,0
25,1,1,0,0,1,0,0,1,1,0,0,0,1,1,1,1,1,0,0,0,1,1,0,0,1,0,0,0,1,0,0,1,1,1,1,1,1,1,0,0,0,1,1,1,1,0,1,0,1,0,0,0,0,0,0,0,1,0,0,1,1,0,0,0,1,0,1,0,1,1,1,1,1,0,1,0,0,1,0,1,1,0,1,1,1,1,0,0,1,1,1,0,1,1,1,1,0,1,1,1,0,0,1,1,0,1,0,1,0,1,0,0,1,0,1,1,0,0,1,1,1,0,0,1,1,0,1,1,1,1,0,1,0,0,1,0,0,0,0,1,1,0,1,1,0,0,0,1,0,0,0,1,1,0,0,1,1,1,1,1,0,0,1,1,0,0,0,1,1,0,1,1,0,0,0,0,1,1,0,0,0,0,1,0,0,0,1,0,1,0,1,0,0,1,0,0,0,0,1,1,1
26,1,1,1,0,0,1,0,1,1,1,1,1,1,0,1,0,0,0,0,0,1,1,0,1,1,1,0,1,0,0,0,1,0,1,0,1,1,0,0,0,1,1,0,1,1,1,0,0,0,1,0,0,1,0,0,0,1,1,1,1,0,1,1,0,0,0,0,1,0,0,1,0,1,1,1,1,0,1,1,1,1,1,1,1,1,1,1,0,1,0,0,1,0,1,0,1,1,1,1,1,1,0,0,1,0,1,0,1,0,1,0,0,1,1,0,1,1,1,1,1,0,1,0,0,1,1,0,0,1,0,0,1,1,0,0,1,0,0,0,0,0,1,1,0,1,1,1,0,0,1,1,1,1,0,0,0,1,1,0,1,0,1,1,0,1,1,0,0,1,1,0,1,1,0,0,0,0,1,1,0,1,0,0,0,0,0,1,0,1,1,0,0,1,0,0,1,0,1,1,0,1
27,1,0,1,1,0,1,1,1,1,1,1,1,0,0,1,1,0,1,1,1,0,0,1,0,1,0,0,0,0,0,0,0,1,0,0,1,0,0,0,1,1,0,0,1,0,0,0,1,1,1,1,0,0,1,1,0,0,0,0,0,1,0,0,0,0,1,0,0,0,0,0,0,0,0,1,1,0,0,0,1,1,1,0,1,0,0,0,1,1,0,0,0,1,1,0,0,1,0,0,1,0,1,1,0,0,0,0,1,0,1,0,0,0,1,0,0,1,0,0,1,1,1,1,1,1,0,0,1,1,1,1,0,1,0,0,1,1,0,1,0,0,0,0,1,0,1,0,1,0,0,1,1,1,0,1,1,1,0,1,0,1,1,0,1,0,1,0,1,1,1,0,0,0,0,1,1,0,0,1,1,0,0,1,1,0,1,0,0,0,0,0,1,1,0,0,0,0,0,1,0,0
28,0,0,1,0,0,0,0,0,0,0,0,1,0,0,0,1,1,0,1,0,0,1,1,0,0,0,0,1,1,1,0,0,1,0,1,0,1,0,1,0,1,1,0,0,0,1,1,0,1,0,1,1,0,1,0,1,1,1,1,1,1,0,1,1,1,1,1,0,0,1,0,0,1,1,0,0,1,1,1,1,0,0,0,1,1,1,0,0,0,1,1,1,1,0,0,0,1,0,0,1,0,0,0,1,0,1,1,0,1,1,1,1,1,0,1,1,1,1,0,1,0,0,1,0,1,1,0,0,0,0,1,0,0,0,0,0,1,1,0,1,1,1,1,1,1,0,0,0,0,0,1,0,1,0,1,1,1,1,1,0,1,1,1,1,0,1,1,0,0,0,0,0,0,0,0,1,1,0,0,0,0,1,1,1,0,1,1,0,0,1,0,0,1,1,0,0,1,0,1,1,0
29,0,0,1,1,1,1,1,0,0,1,1,0,1,1,1,0,0,1,0,1,1,1,1,0,1,0,1,0,0,0,1,1,1,1,1,1,0,1,0,0,1,0,0,0,0,1,1,1,0,0,1,1,1,1,0,0,0,0,0,0,1,1,0,1,1,0,0,1,0,0,1,0,1,1,0,0,1,1,0,0,0,1,1,0,0,1,1,0,0,0,1,0,0,1,0,0,1,0,0,0,0,1,0,1,0,1,1,0,0,1,1,0,1,0,0,1,0,0,1,0,1,0,1,1,1,1,1,0,0,0,1,0,0,1,1,1,1,0,0,0,1,0,0,0,0,1,0,1,0,1,0,1,1,0,1,1,1,0,0,0,0,0,1,1,1,0,0,0,1,0,1,1,0,0,0,0,0,0,0,0,1,1,1,0,0,0,1,1,1,0,0,0,0,0,0,0,1,1,1,0,0
30,0,1,1,0,1,1,0,1,0,0,1,0,0,1,0,1,1,1,1,0,0,0,1,1,0,0,1,0,0,0,1,0,1,0,0,0,1,0,1,0,0,1,1,0,0,1,1,1,0,1,1,0,0,0,0,1,0,0,1,0,1,0,0,0,0,1,1,1,0,0,0,0,0,0,1,1,0,1,1,0,1,1,1,1,1,0,0,1,1,1,0,0,1,0,0,0,0,1,0,1,0,0,0,0,1,0,0,1,0,1,0,0,1,0,0,1,0,1,1,1,1,1,0,1,1,1,1,0,0,0,1,1,1,0,1,0,0,0,1,0,1,0,0,1,0,0,1,0,1,1,1,1,1,1,1,1,1,0,1,1,1,0,1,0,0,0,1,1,1,0,0,1,0,1,1,1,1,0,0,1,1,0,0,0,1,0,0,0,1,0,0,1,1,1,0,0,0,1,0,0,0
31,0,0,1,1,0,0,0,0,1,0,1,1,1,1,1,1,1,1,1,1,0,0,0,1,0,1,1,1,0,0,1,0,1,1,0,1,1,1,0,1,0,0,1,1,0,1,1,1,1,0,0,0,0,1,1,1,0,1,1,0,0,1,1,1,1,1,1,1,1,1,0,0,1,0,0,0,0,0,0,0,1,0,1,1,1,0,1,1,1,0,1,1,0,0,1,1,1,1,0,0,0,0,1,0,0,0,1,0,1,0,0,0,1,1,1,0,1,1,0,1,0,0,0,1,0,1,1,1,1,0,0,0,0,0,0,1,1,0,0,1,1,0,1,0,0,1,0,0,1,0,0,1,1,1,1,1,0,0,1,0,1,0,0,0,0,0,1,1,1,0,0,0,0,1,1,1,1,0,1,0,0,1,0,1,1,1,1,1,1,0,0,0,1,1,1,0,0,0,0,0,0
32,1,1,1,0,0,1,1,1,0,0,1,1,0,0,0,1,1,1,1,1,1,0,1,0,1,1,1,1,0,1,0,1,0,0,1,0,0,0,0,0,0,0,1,0,0,1,1,1,0,0,0,1,0,0,0,1,0,0,1,0,0,0,0,1,0,0,0,0,0,0,1,0,0,1,1,0,1,0,0,1,0,0,0,0,0,1,1,1,1,0,0,1,1,1,0,1,1,1,1,0,0,0,0,1,1,1,1,1,1,1,0,0,1,0,0,1,0,1,0,0,0,1,1,0,1,0,0,0,1,1,1,0,1,1,1,0,1,1,1,0,1,0,0,0,0,0,1,1,1,0,0,1,0,0,0,1,1,1,0,1,0,0,0,0,0,1,0,1,1,1,0,1,1,1,1,1,1,1,1,1,0,1,1,0,0,1,1,0,0,0,1,0,0,1,0,0,0,0,1,0,1
33,0,0,0,1,0,0,0,1,1,1,0,1,1,1,1,1,0,0,1,1,0,1,1,1,1,0,1,1,1,0,1,1,0,0,0,1,1,0,0,1,0,0,0,0,1,1,1,1,0,0,1,1,0,0,0,1,1,1,0,0,1,0,0,1,1,0,0,1,0,1,1,0,0,0,0,1,1,0,1,1,1,1,1,0,0,1,1,1,0,1,0,1,0,0,1,0,1,0,0,1,1,1,0,0,1,0,1,1,1,1,0,1,0,1,0,1,1,1,0,0,1,1,0,1,1,1,1,0,0,1,0,1,1,0,1,0,1,0,0,1,0,0,0,1,0,0,1,0,1,1,0,0,0,0,0,0,1,1,1,1,1,0,0,1,0,1,0,0,0,1,0,1,0,0,0,1,0,0,1,1,1,0,0,1,0,0,1,0,0,1,0,1,1,0,1,0,1,1,0,1,0
34,0,0,1,0,1,0,0,1,0,1,0,1,1,1,1,1,1,0,1,0,1,0,1,0,1,0,0,0,1,1,1,1,1,0,1,1,1,1,0,1,1,1,1,0,1,1,1,0,1,0,1,0,1,0,1,1,1,0,0,1,0,1,1,1,1,0,1,0,1,0,1,1,1,0,0,0,0,1,0,1,0,1,0,0,1,0,0,0,0,1,0,1,0,1,1,1,0,0,1,0,0,1,0,0,0,1,0,0,0,1,1,0,0,0,0,0,0,1,0,0,0,1,1,0,0,1,0,0,1,0,0,0,0,1,0,1,1,0,1,1,0,1,1,0,0,0,0,0,0,1,0,0,1,1,1,1,0,0,1,0,0,1,1,0,1,0,1,0,0,1,0,1,0,1,1,0,0,1,1,0,1,0,0,0,0,0,0,1,1,1,1,0,1,1,1,0,0,0,1,0,0
35,1,0,1,0,0,1,1,0,1,1,1,1,1,1,1,1,0,1,0,0,1,1,1,0,0,1,0,1,1,0,1,1,1,0,1,0,0,1,1,1,1,0,1,0,0,0,1,0,0,0,0,0,0,0,0,1,1,0,0,0,0,1,1,0,0,1,1,1,1,0,0,0,1,0,1,0,1,1,1,1,1,1,0,1,1,0,1,0,0,1,0,1,1,1,1,1,1,0,1,0,1,1,1,1,1,0,1,1,0,0,1,1,1,1,0,0,0,1,1,1,0,1,1,1,0,1,1,1,1,1,0,1,0,1,0,1,1,0,0,0,1,0,1,0,0,0,0,1,1,1,0,0,0,0,1,0,1,0,1,1,1,0,1,0,1,1,0,0,1,0,1,1,0,0,0,0,0,1,0,0,1,1,0,1,1,0,0,0,0,0,1,0,1,1,1,0,1,0,0,0,1
36,0,1,1,1,0,0,0,0,0,0,1,1,0,0,0,0,0,1,1,0,1,0,1,1,1,0,0,1,0,1,0,0,0,0,0,1,0,0,0,0,1,1,0,0,1,1,0,1,0,0,1,1,0,1,0,1,1,0,0,0,1,1,0,0,1,1,0,0,1,1,1,0,1,0,0,1,0,0,1,1,1,0,1,1,1,0,0,1,1,0,1,1,1,1,0,0,1,0,1,0,0,1,0,1,1,0,0,0,1,1,1,0,0,1,0,0,0,1,1,1,1,0,1,0,0,1,1,1,1,1,1,1,1,1,1,1,0,0,1,1,1,0,0,1,1,0,1,1,1,1,0,0,1,0,1,0,0,1,1,0,0,1,1,0,1,0,0,0,0,0,1,1,1,0,0,1,0,1,0,0,1,0,0,1,0,1,0,1,0,1,0,0,0,0,0,0,1,1,0,0,1
37,1,1,0,0,0,1,0,0,0,0,0,1,1,1,0,1,1,1,0,1,0,0,0,0,1,0,0,0,1,0,0,1,0,1,1,0,1,1,0,1,1,1,1,0,1,1,1,0,1,1,0,1,0,0,0,1,0,1,1,1,1,0,0,0,0,1,0,1,1,0,0,1,1,0,0,1,0,0,1,1,1,1,0,1,0,1,1,1,0,0,1,0,0,1,0,1,1,1,1,1,0,0,0,1,1,0,1,1,0,1,0,0,1,1,1,0,1,0,1,1,1,1,0,0,1,1,0,1,1,1,1,0,0,1,1,0,1,0,0,1,0,1,1,0,0,1,1,1,1,1,0,1,1,0,1,0,1,1,1,1,1,0,0,1,0,0,0,1,1,0,0,1,0,0,1,1,1,1,0,1,0,1,1,0,0,0,0,1,0,1,0,0,1,0,1,1,0,0,1,0,1
38,0,1,1,1,1,1,1,0,1,1,1,1,1,0,0,0,1,1,0,1,0,1,0,1,1,0,0,1,0,1,1,1,1,1,0,1,1,1,0,1,0,0,1,1,0,0,1,1,0,0,1,0,0,0,0,1,1,1,0,1,1,0,0,0,0,1,0,1,1,0,0,0,1,1,1,1,0,1,0,1,1,1,1,1,1,0,0,0,0,1,0,0,0,0,1,0,0,0,0,0,1,0,0,0,0,1,1,0,1,0,0,0,0,1,0,1,0,0,1,0,1,0,0,1,1,1,0,0,1,0,1,0,0,0,1,0,1,1,1,0,0,1,0,0,1,1,1,1,0,1,0,0,0,0,1,1,1,1,1,1,0,0,1,0,0,0,1,1,0,1,1,0,0,1,0,1,0,1,1,1,1,1,1,1,0,1,0,0,1,1,0,0,1,0,1,1,0,0,0,1,1
39,1,1,1,0,0,1,1,1,0,1,0,0,1,0,1,1,1,0,1,0,0,1,0,1,1,0,1,0,1,1,0,0,0,0,1,0,1,0,0,1,1,0,1,1,1,1,0,0,1,0,1,1,1,0,1,1,0,0,1,0,1,1,0,1,0,0,0,1,1,0,0,0,0,0,1,1,0,0,1,0,0,0,1,0,1,1,1,1,1,1,1,0,0,0,0,0,1,0,0,1,0,0,0,0,1,1,0,1,0,1,0,0,1,1,0,0,1,0,1,1,1,0,0,1,1,1,1,1,1,0,1,0,0,1,1,1,1,0,0,1,1,0,1,1,1,1,1,0,0,0,0,1,0,0,0,1,0,1,0,1,1,1,0,0,0,1,1,1,0,1,0,1,0,0,0,1,0,0,0,1,1,0,0,0,0,0,1,1,0,0,0,0,1,0,1,0,0,0,1,1,1
40,0,0,1,1,1,1,0,0,0,0,1,0,0,1,0,0,0,0,0,1,0,1,1,0,1,1,0,0,0,0,0,0,1,1,1,0,1,1,0,0,1,1,1,0,0,0,1,0,0,1,1,0,1,0,1,0,1,1,1,0,0,0,1,0,0,0,1,1,0,1,1,0,1,1,0,0,1,1,0,0,0,1,1,0,0,0,1,1,1,0,0,0,1,1,1,1,1,1,1,0,1,0,1,0,0,0,1,0,0,0,0,0,1,0,0,1,0,0,1,1,0,0,1,0,1,1,1,1,0,0,1,1,0,0,0,0,0,0,0,0,0,1,0,0,1,0,0,0,1,0,1,0,0,0,0,0,0,0,0,0,0,1,0,1,0,0,0,1,0,0,1,0,1,0,1,0,0,0,1,0,1,0,0,0,0,0,1,1,0,0,0,1,1,0,0,1,1,1,0,0,1
41,0,1,1,0,0,0,1,0,0,0,0,1,1,1,0,0,1,0,0,0,1,0,0,0,0,0,1,0,0,0,0,1,0,0,0,0,1,1,0,0,0,1,1,1,1,1,1,1,1,0,0,1,0,1,0,0,1,0,1,0,1,1,0,0,0,0,1,0,0,1,1,1,0,0,1,0,0,1,1,1,1,1,0,0,0,0,1,0,0,0,0,0,0,1,1,1,1,1,0,1,1,1,0,0,1,1,1,0,1,1,1,1,1,1,0,0,0,1,0,0,1,1,0,1,1,0,0,0,1,1,1,0,1,0,1,0,0,1,0,0,1,1,0,0,0,1,0,1,0,0,0,1,0,0,0,1,0,1,1,1,1,0,1,0,1,1,0,0,0,0,0,1,0,0,1,1,0,0,1,1,0,0,0,1,1,1,1,1,1,1,0,0,1,1,0,0,0,0,0,0,0
42,1,0,1,0,1,0,1,1,1,0,1,0,1,1,1,0,0,1,0,0,0,0,0,0,1,0,0,1,1,0,1,0,0,1,1,0,1,0,0,0,1,0,0,0,1,1,0,1,0,1,1,1,0,0,1,1,0,0,0,0,0,0,0,1,1,1,1,0,0,1,0,1,0,1,1,1,0,0,0,1,0,1,1,1,0,1,1,0,1,0,1,1,1,0,0,1,0,0,0,0,1,1,1,0,1,1,0,1,1,0,0,1,0,0,1,0,1,1,1,1,1,0,1,1,0,0,0,0,0,1,0,0,1,1,1,1,1,1,1,1,1,0,0,1,1,1,0,1,0,0,1,0,0,0,0,1,0,1,0,0,0,1,0,1,0,1,0,0,1,1,0,0,0,1,1,0,1,0,1,1,0,0,1,0,1,1,0,1,0,0,1,1,0,0,0,1,1,0,0,1,0
43,1,1,1,0,1,0,0,0,1,0,0,1,0,0,1,0,0,1,0,0,1,1,1,0,0,1,0,0,0,1,0,1,0,1,1,0,0,1,1,0,0,0,0,1,0,1,1,1,0,0,1,1,1,0,0,1,0,1,1,0,1,1,0,1,0,1,0,0,1,1,1,0,0,0,0,1,1,0,0,1,0,0,1,1,0,0,0,0,1,0,1,1,0,0,1,1,0,0,0,1,0,0,0,0,1,0,0,1,1,1,0,0,1,0,0,1,1,0,0,0,0,1,0,0,0,0,0,0,0,1,1,1,1,1,1,1,0,0,1,1,1,0,0,1,1,0,0,1,1,1,0,1,0,1,1,1,0,0,1,0,0,1,0,1,0,1,0,1,1,1,1,0,1,1,0,1,0,1,1,0,0,1,1,1,1,0,1,1,0,0,0,0,0,1,0,1,1,1,1,0,0
44,0,1,1,0,0,1,1,1,1,1,0,0,0,0,1,0,1,0,1,1,0,0,1,0,1,0,1,0,0,1,1,0,0,0,1,1,1,1,0,1,1,1,0,0,0,0,0,0,0,0,1,1,0,0,1,0,1,1,0,0,0,1,0,1,0,1,0,1,1,1,1,0,0,1,0,1,0,0,0,0,1,0,0,1,0,0,1,1,1,1,0,0,0,1,1,0,1,1,0,0,0,0,1,1,1,1,1,1,0,0,1,0,1,0,1,1,0,0,1,0,1,1,0,0,1,1,1,0,0,0,0,0,1,0,1,0,0,0,0,0,0,1,1,0,1,0,0,0,0,0,0,0,0,0,0,1,1,0,1,0,1,0,1,0,1,1,0,1,1,1,1,0,1,0,0,0,0,0,0,0,0,1,1,1,0,1,0,1,0,0,1,0,1,0,0,1,1,0,0,0,1
45,0,0,0,0,1,1,1,0,0,1,1,0,1,1,1,0,0,0,0,0,1,0,1,0,1,0,1,0,1,0,1,1,1,0,0,1,1,0,1,0,0,0,1,1,1,1,0,1,0,1,0,1,0,1,1,1,0,0,0,0,1,1,1,0,1,0,1,0,1,0,0,0,0,1,0,1,0,1,1,0,1,1,1,1,0,1,0,1,1,1,0,1,0,0,1,1,1,0,0,1,1,1,0,1,0,0,0,0,1,1,1,1,0,0,0,1,0,0,0,1,0,0,1,1,0,0,0,0,1,1,0,0,0,1,0,0,0,1,1,1,0,1,1,1,0,1,0,1,1,1,1,0,1,1,0,1,1,1,0,0,1,1,0,1,0,0,1,0,0,1,0,1,0,0,0,1,0,1,0,0,0,0,0,1,0,0,1,1,0,0,1,0,0,1,0,0,1,1,0,1,1
46,0,0,0,0,1,1,0,0,0,1,0,1,1,0,1,1,1,0,1,1,1,0,1,1,0,0,0,1,1,0,0,0,1,1,1,1,1,0,1,1,1,0,0,0,1,1,0,1,1,0,0,1,0,0,0,1,1,1,1,0,0,0,1,0,0,0,0,0,1,0,0,1,0,0,0,0,0,0,0,0,0,0,1,1,1,0,1,1,0,0,0,1,1,0,0,1,1,0,0,0,1,1,1,1,0,0,0,1,1,1,1,0,0,0,0,1,1,1,0,0,1,0,1,0,1,0,1,1,1,1,0,0,1,1,0,1,1,1,1,1,1,0,0,0,0,1,1,0,0,1,0,0,1,0,0,0,0,0,0,1,0,0,0,1,1,0,1,1,0,0,0,1,1,1,1,1,0,1,1,1,0,1,1,1,1,1,1,0,0,0,1,0,1,1,0,0,1,1,1,1,1
47,1,1,1,0,0,0,0,1,0,1,0,1,0,1,1,0,1,1,0,0,0,1,0,0,1,0,0,0,0,1,1,1,0,1,1,1,1,0,0,0,0,1,1,0,1,0,0,1,0,1,1,0,1,0,1,0,1,0,1,0,0,1,1,0,0,1,0,0,0,1,0,0,1,0,1,1,0,0,0,1,1,1,0,1,0,0,1,0,1,1,0,1,0,1,1,1,0,1,0,0,1,0,1,1,0,1,0,0,0,0,1,1,0,1,1,1,0,0,0,1,1,0,1,1,0,1,1,0,0,1,1,0,0,1,1,0,1,1,0,1,1,1,1,0,1,1,0,0,0,1,0,1,1,1,0,0,1,0,0,1,0,1,0,1,0,0,0,0,1,0,0,0,0,1,0,1,1,1,0,0,1,0,0,1,0,1,0,1,1,1,0,0,1,0,1,1,1,0,0,1,1
48,1,1,0,0,1,1,0,1,0,0,1,1,1,1,1,1,0,1,1,1,1,1,0,0,0,1,1,0,0,0,0,1,0,0,0,0,1,0,0,0,1,0,0,1,0,1,1,0,1,1,1,0,0,0,1,1,0,0,0,0,0,1,0,1,1,1,1,1,0,0,0,1,1,0,1,1,1,0,1,0,1,0,0,1,1,1,1,1,1,1,1,1,0,0,1,1,1,0,0,1,0,1,0,1,1,0,0,0,0,0,0,0,1,0,1,0,1,0,0,0,1,1,1,0,0,1,1,0,1,0,1,0,1,1,0,1,1,0,1,1,0,0,1,1,0,1,0,0,0,1,0,0,1,1,1,1,1,1,0,0,0,0,1,1,0,0,0,1,0,0,0,1,1,0,1,0,1,1,1,1,0,0,1,0,0,1,1,0,0,1,1,0,0,0,0,1,0,1,0,1,0
49,1,0,0,1,1,1,1,0,0,1,1,1,1,1,1,1,1,0,0,1,1,1,1,0,0,1,1,0,1,1,0,0,0,1,0,0,1,0,0,0,1,0,0,0,1,0,1,1,0,1,1,1,0,0,1,0,0,1,1,1,1,0,0,1,0,1,1,1,0,0,1,1,0,1,0,0,1,0,1,0,0,0,0,1,1,1,0,0,0,0,0,0,0,0,0,1,0,1,0,1,0,0,1,1,1,0,1,0,1,0,1,0,0,1,0,1,0,1,1,1,1,0,0,0,0,0,0,1,0,1,0,1,1,0,1,0,1,1,1,0,1,1,0,1,1,0,1,1,1,1,0,1,1,1,1,1,0,0,0,0,1,0,0,0,1,1,0,1,1,1,0,1,1,0,0,0,0,0,1,1,1,0,1,1,0,0,0,0,1,1,1,0,0,1,1,0,1,0,0,0,0
